field,s2-Residue Management (No-Till)(329),s2-Cover Crop(340),s2-Grassed Waterway(412),s2-Nutrient Management(590),s2-All CPS
scenario,2,2,2,2,2
cps,329,340,412,590,0
cps_name,Residue Management (No-Till),Cover Crop,Grassed Waterway,Nutrient Management,All CPS
bmp_count,12,2,15,21,50
treated_TN_count,12,2,15,21,50
treated_TN_mean,1750.276841817735,386.0820848618461,201.9229275768926,479.895814010302,697.6428455881249
treated_TN_std,3187.21101530944,408.3636624099067,211.80309007800537,602.8403446714783,1678.051321877791
treated_TN_min,52.62708966446511,97.32536998162705,0.5030506057603458,0.009449146149006375,0.009449146149006375
treated_TN_p25,267.3233898403533,241.70372742173657,72.22539644594612,170.92837174960175,100.35246641394747
treated_TN_p50,494.7060579838248,386.0820848618461,109.43375571090874,248.67793711845485,236.78238575202747
treated_TN_p75,983.4037268105958,530.4604423019556,266.1951910042814,479.11424478617397,582.0150324515865
treated_TN_max,10877.415970968197,674.8387997420651,660.7710039915338,2628.4032856151516,10877.415970968197
removed_TN_count,12,2,15,21,50
removed_TN_mean,252.82958166278368,46.10584089624144,37.30117648650972,128.45966385053103,127.66674499809369
removed_TN_std,343.3642298295285,41.20622375479828,42.310563951266424,184.50536955810148,217.98190923534807
removed_TN_min,3.3879721645943124,16.968640652133374,0.09178163751261688,0.0009872757612663,0.0009872757612663
removed_TN_p25,55.64962307516329,31.537240774187406,7.964995146576916,14.481788969608697,15.387737689638968
removed_TN_p50,83.64136218622286,46.10584089624144,19.534674638251392,85.17907610959307,61.81837131981963
removed_TN_p75,300.09424769828695,60.67444101829547,40.14386952925305,159.7209298278201,111.90242266502219
removed_TN_max,1068.9897885603255,75.2430411403495,124.59809502109457,761.4469430515362,1068.9897885603255
treated_TP_count,12,2,15,21,50
treated_TP_mean,173.7557809274715,11.415408813318944,30.15548985241687,90.6108591978508,89.2612115939483
treated_TP_std,443.9958269639246,12.8029501138266,61.043416735963355,301.84408864802054,292.53351056466454
treated_TP_min,2.169220528036669,2.362355968639074,0.01617022677826623,0.0022998980922745095,0.0022998980922745095
treated_TP_p25,12.780545637139102,6.888882390979008,1.9697011091727397,6.24355966155298,4.22114193139731
treated_TP_p50,38.21206787941854,11.415408813318944,5.612583453815639,16.12677685990579,13.539210311254642
treated_TP_p75,87.2071541479221,15.941935235658878,13.219975915966522,51.428638348621604,51.97990041610363
treated_TP_max,1577.6757215079037,20.468461657998812,221.48077399555422,1403.4133665401037,1577.6757215079037
removed_TP_count,12,2,15,21,50
removed_TP_mean,34.870111112588916,1.4981857657742739,4.073866799453549,10.48750157646182,14.055664799602338
removed_TP_std,84.1060049831052,0.6458476479994693,10.546963653292085,23.90090588977509,44.73756326379092
removed_TP_min,0.4119753220524723,1.0415025142604668,0.00211998985827762,0.0003081236888021654,0.0003081236888021654
removed_TP_p25,3.779149445394252,1.2698441400173703,0.16023604723096957,1.027882678188884,0.7603458349896624
removed_TP_p50,5.621891675145902,1.4981857657742739,0.843623107851918,3.042848159003389,2.2115781617116888
removed_TP_p75,14.811272937186066,1.7265273915311774,1.6946585572066954,5.527518844838741,6.257555914239537
removed_TP_max,298.1179300723401,1.954869017288081,41.50810843671189,109.33309724855026,298.1179300723401
efficiency_TN_count,12,2,15,21,50
efficiency_TN_mean,1.0,1.0,0.934320654964093,0.9524081773384107,0.9603076309713603
efficiency_TN_std,0.0,0.0,0.25437500951387854,0.21809312980764792,0.1964315507658578
efficiency_TN_min,1.0,1.0,0.014809824461395123,0.0005717241066235435,0.0005717241066235435
efficiency_TN_p25,1.0,1.0,1.0,1.0,1.0
efficiency_TN_p50,1.0,1.0,1.0,1.0,1.0
efficiency_TN_p75,1.0,1.0,1.0,1.0,1.0
efficiency_TN_max,1.0,1.0,1.0,1.0,1.0
efficiency_TP_count,12,2,15,21,50
efficiency_TP_mean,1.0,1.0,0.934320654964093,0.9524081773384107,0.9603076309713603
efficiency_TP_std,0.0,0.0,0.25437500951387854,0.21809312980764792,0.1964315507658578
efficiency_TP_min,1.0,1.0,0.014809824461395123,0.0005717241066235435,0.0005717241066235435
efficiency_TP_p25,1.0,1.0,1.0,1.0,1.0
efficiency_TP_p50,1.0,1.0,1.0,1.0,1.0
efficiency_TP_p75,1.0,1.0,1.0,1.0,1.0
efficiency_TP_max,1.0,1.0,1.0,1.0,1.0
buffer_area_ha_count,,,15.0,,15.0
buffer_area_ha_mean,,,0.40099404711518016,,0.40099404711518016
buffer_area_ha_std,,,0.2554522180064767,,0.2554522180064767
buffer_area_ha_min,,,0.013224947559314939,,0.013224947559314939
buffer_area_ha_p25,,,0.23130498459984927,,0.23130498459984927
buffer_area_ha_p50,,,0.3151372043659238,,0.3151372043659238
buffer_area_ha_p75,,,0.526371404050271,,0.526371404050271
buffer_area_ha_max,,,1.0503765734539348,,1.0503765734539348
linear_length_m_count,,,15.0,,15.0
linear_length_m_mean,,,375.8849335537871,,375.8849335537871
linear_length_m_std,,,239.4565223157824,,239.4565223157824
linear_length_m_min,,,12.396838732016253,,12.396838732016253
linear_length_m_p25,,,216.82132039730902,,216.82132039730902
linear_length_m_p50,,,295.40420356760757,,295.40420356760757
linear_length_m_p75,,,493.41151485777186,,493.41151485777186
linear_length_m_max,,,984.6049619928145,,984.6049619928145
