field,s3-Residue Management (No-Till)(329),s3-Cover Crop(340),s3-Grassed Waterway(412),s3-Nutrient Management(590),s3-All CPS
scenario,3,3,3,3,3
cps,329,340,412,590,0
cps_name,Residue Management (No-Till),Cover Crop,Grassed Waterway,Nutrient Management,All CPS
bmp_count,9,4,18,19,50
treated_TN_count,9,4,18,19,50
treated_TN_mean,534.5776031538586,894.0065843298081,175.49045912454218,683.0500463564107,490.4800782143504
treated_TN_std,447.42395827078036,895.2085895408931,187.91424871942195,957.9645734218306,703.9810976955631
treated_TN_min,25.269817599127133,100.49040030629594,19.885290725827847,6.676776367192812,6.676776367192812
treated_TN_p25,251.77287525278643,338.49511489510803,67.66018288918053,161.5241937637,91.26274861244394
treated_TN_p50,338.91529751238204,668.8494196139405,98.70227336453374,358.06634968912846,233.01384370481577
treated_TN_p75,744.2608124897055,1224.3608890486407,190.59487336254725,621.9020064553893,591.7148690427146
treated_TN_max,1386.00957896362,2137.8370977850554,748.1687483832555,3826.3377180712037,3826.3377180712037
removed_TN_count,9,4,18,19,50
removed_TN_mean,92.43991672055567,163.65371998537788,29.89165326281299,163.21604722529267,102.51457572875414
removed_TN_std,88.19650368984395,179.31086408315286,51.8882067755783,216.8368445280412,158.53876028527839
removed_TN_min,12.5282219471667,5.959182720702756,2.583304203615008,0.6253619378930454,0.6253619378930454
removed_TN_p25,16.644789103695704,32.028391654165425,9.138929565346245,33.803318186568696,12.170349392711271
removed_TN_p50,48.89790021161065,126.11062659847627,12.556982609655908,65.97654948478997,38.61160869732321
removed_TN_p75,160.2815306988641,257.7359549296887,21.0548387304079,221.93061003843388,155.62878897123548
removed_TN_max,257.1679452644583,396.4344440238562,216.23274630936334,878.0010268347622,878.0010268347622
treated_TP_count,9,4,18,19,50
treated_TP_mean,31.079987050575067,54.669239485586196,11.786104790788968,79.30239973625771,44.34584645241236
treated_TP_std,36.15672021509463,43.30669439119182,16.08939192907692,91.32720889900429,66.22894058606744
treated_TP_min,1.7232708196487774,13.916152189520682,1.6507831495764804,0.8319392935371931,0.8319392935371931
treated_TP_p25,7.475278921476215,19.971986902522215,4.241754496036287,5.645326350129323,4.874642737142423
treated_TP_p50,12.242859111858612,51.667987094775015,6.15518149511035,34.9716908981138,12.496521518889537
treated_TP_p75,52.62730449832832,86.365239677839,11.276403993063628,138.3905123807573,64.48613981759506
treated_TP_max,109.87122985645694,101.42483156327407,66.28248041473461,349.2647112767355,349.2647112767355
removed_TP_count,9,4,18,19,50
removed_TP_mean,8.97055596764851,13.15237065240961,1.7253715335657285,23.35318887836779,12.162235252232922
removed_TP_std,10.73213355622028,11.14886777454396,2.237706372905637,34.59620726045376,23.629548429558103
removed_TP_min,0.10154207025958854,5.2911283804785265,0.16992302832014328,0.07752079545589029,0.07752079545589029
removed_TP_p25,2.17497068239934,6.463856253716763,0.5598213814306481,1.3163848215359906,0.7134083248593102
removed_TP_p50,3.7566124235965432,8.917316283683345,0.993290021041124,6.711731059125568,2.897436838400667
removed_TP_p75,9.787069223897223,15.605830682376192,1.7262466044580405,36.14051982803748,9.964555095463155
removed_TP_max,29.253606455220055,29.483721661793226,10.023717052651799,137.6193561028151,137.6193561028151
efficiency_TN_count,9,4,18,19,50
efficiency_TN_mean,1.0,1.0,1.0,0.9593570620418977,0.9845556835759212
efficiency_TN_std,0.0,0.0,0.0,0.17715845932796076,0.10920780874256912
efficiency_TN_min,1.0,1.0,1.0,0.22778417879605842,0.22778417879605842
efficiency_TN_p25,1.0,1.0,1.0,1.0,1.0
efficiency_TN_p50,1.0,1.0,1.0,1.0,1.0
efficiency_TN_p75,1.0,1.0,1.0,1.0,1.0
efficiency_TN_max,1.0,1.0,1.0,1.0,1.0
efficiency_TP_count,9,4,18,19,50
efficiency_TP_mean,1.0,1.0,1.0,0.9593570620418977,0.9845556835759212
efficiency_TP_std,0.0,0.0,0.0,0.17715845932796076,0.10920780874256912
efficiency_TP_min,1.0,1.0,1.0,0.22778417879605842,0.22778417879605842
efficiency_TP_p25,1.0,1.0,1.0,1.0,1.0
efficiency_TP_p50,1.0,1.0,1.0,1.0,1.0
efficiency_TP_p75,1.0,1.0,1.0,1.0,1.0
efficiency_TP_max,1.0,1.0,1.0,1.0,1.0
buffer_area_ha_count,,,18.0,,18.0
buffer_area_ha_mean,,,0.4086747126505705,,0.4086747126505705
buffer_area_ha_std,,,0.1466889157099967,,0.1466889157099967
buffer_area_ha_min,,,0.14059044588655095,,0.14059044588655095
buffer_area_ha_p25,,,0.33688940541712903,,0.33688940541712903
buffer_area_ha_p50,,,0.37129846440268943,,0.37129846440268943
buffer_area_ha_p75,,,0.5144054580199402,,0.5144054580199402
buffer_area_ha_max,,,0.7074918482912618,,0.7074918482912618
linear_length_m_count,,,18.0,,18.0
linear_length_m_mean,,,383.0846575277189,,383.0846575277189
linear_length_m_std,,,137.50367051930698,,137.50367051930698
linear_length_m_min,,,131.78706963493713,,131.78706963493713
linear_length_m_p25,,,315.7943432856477,,315.7943432856477
linear_length_m_p50,,,348.04880427698674,,348.04880427698674
linear_length_m_p75,,,482.19484253837663,,482.19484253837663
linear_length_m_max,,,663.1907089344411,,663.1907089344411
